old_branch,new_branch,node_version,bundler,package_manager,architecture
CE-N12-001,JS_V12_ESBUILD_NPM_MONO,12,esbuild,npm,Monolith
CE-N12-002,JS_V12_ESBUILD_NPM_MICRO,12,esbuild,npm,Microservices
CE-N12-003,JS_V12_ESBUILD_YARN_MONO,12,esbuild,yarn (Berry),Monolith
CE-N12-004,JS_V12_ESBUILD_YARN_MICRO,12,esbuild,yarn (Berry),Microservices
CE-N12-005,JS_V12_ESBUILD_PNPM_MONO,12,esbuild,pnpm,Monolith
CE-N12-006,JS_V12_ESBUILD_PNPM_MICRO,12,esbuild,pnpm,Microservices
CE-N12-007,JS_V12_ESBUILD_BUN_MONO,12,esbuild,bun,Monolith
CE-N12-008,JS_V12_ESBUILD_BUN_MICRO,12,esbuild,bun,Microservices
CE-N12-009,JS_V12_VITE_NPM_MONO,12,Vite (built as esbuild),npm,Monolith
CE-N12-010,JS_V12_VITE_NPM_MICRO,12,Vite (built as esbuild),npm,Microservices
CE-N12-011,JS_V12_VITE_YARN_MONO,12,Vite (built as esbuild),yarn (Berry),Monolith
CE-N12-012,JS_V12_VITE_YARN_MICRO,12,Vite (built as esbuild),yarn (Berry),Microservices
CE-N12-013,JS_V12_VITE_PNPM_MONO,12,Vite (built as esbuild),pnpm,Monolith
CE-N12-014,JS_V12_VITE_PNPM_MICRO,12,Vite (built as esbuild),pnpm,Microservices
CE-N12-015,JS_V12_VITE_BUN_MONO,12,Vite (built as esbuild),bun,Monolith
CE-N12-016,JS_V12_VITE_BUN_MICRO,12,Vite (built as esbuild),bun,Microservices
CE-N12-017,JS_V12_WEBPACK_NPM_MONO,12,Webpack,npm,Monolith
CE-N12-018,JS_V12_WEBPACK_NPM_MICRO,12,Webpack,npm,Microservices
CE-N12-019,JS_V12_WEBPACK_YARN_MONO,12,Webpack,yarn (Berry),Monolith
CE-N12-020,JS_V12_WEBPACK_YARN_MICRO,12,Webpack,yarn (Berry),Microservices
CE-N12-021,JS_V12_WEBPACK_PNPM_MONO,12,Webpack,pnpm,Monolith
CE-N12-022,JS_V12_WEBPACK_PNPM_MICRO,12,Webpack,pnpm,Microservices
CE-N12-023,JS_V12_WEBPACK_BUN_MONO,12,Webpack,bun,Monolith
CE-N12-024,JS_V12_WEBPACK_BUN_MICRO,12,Webpack,bun,Microservices
CE-N12-025,JS_V12_ROLLUP_NPM_MONO,12,Rollup,npm,Monolith
CE-N12-026,JS_V12_ROLLUP_NPM_MICRO,12,Rollup,npm,Microservices
CE-N12-027,JS_V12_ROLLUP_YARN_MONO,12,Rollup,yarn (Berry),Monolith
CE-N12-028,JS_V12_ROLLUP_YARN_MICRO,12,Rollup,yarn (Berry),Microservices
CE-N12-029,JS_V12_ROLLUP_PNPM_MONO,12,Rollup,pnpm,Monolith
CE-N12-030,JS_V12_ROLLUP_PNPM_MICRO,12,Rollup,pnpm,Microservices
CE-N12-031,JS_V12_ROLLUP_BUN_MONO,12,Rollup,bun,Monolith
CE-N12-032,JS_V12_ROLLUP_BUN_MICRO,12,Rollup,bun,Microservices
CE-N12-033,JS_V12_RSPACK_NPM_MONO,12,Rspack,npm,Monolith
CE-N12-034,JS_V12_RSPACK_NPM_MICRO,12,Rspack,npm,Microservices
CE-N12-035,JS_V12_RSPACK_YARN_MONO,12,Rspack,yarn (Berry),Monolith
CE-N12-036,JS_V12_RSPACK_YARN_MICRO,12,Rspack,yarn (Berry),Microservices
CE-N12-037,JS_V12_RSPACK_PNPM_MONO,12,Rspack,pnpm,Monolith
CE-N12-038,JS_V12_RSPACK_PNPM_MICRO,12,Rspack,pnpm,Microservices
CE-N12-039,JS_V12_RSPACK_BUN_MONO,12,Rspack,bun,Monolith
CE-N12-040,JS_V12_RSPACK_BUN_MICRO,12,Rspack,bun,Microservices
CE-N12-041,JS_V12_PARCEL_NPM_MONO,12,Parcel,npm,Monolith
CE-N12-042,JS_V12_PARCEL_NPM_MICRO,12,Parcel,npm,Microservices
CE-N12-043,JS_V12_PARCEL_YARN_MONO,12,Parcel,yarn (Berry),Monolith
CE-N12-044,JS_V12_PARCEL_YARN_MICRO,12,Parcel,yarn (Berry),Microservices
CE-N12-045,JS_V12_PARCEL_PNPM_MONO,12,Parcel,pnpm,Monolith
CE-N12-046,JS_V12_PARCEL_PNPM_MICRO,12,Parcel,pnpm,Microservices
CE-N12-047,JS_V12_PARCEL_BUN_MONO,12,Parcel,bun,Monolith
CE-N12-048,JS_V12_PARCEL_BUN_MICRO,12,Parcel,bun,Microservices
CE-N12-049,JS_V12_TURBOPACK_NPM_MONO,12,Turbopack,npm,Monolith
CE-N12-050,JS_V12_TURBOPACK_NPM_MICRO,12,Turbopack,npm,Microservices
CE-N12-051,JS_V12_TURBOPACK_YARN_MONO,12,Turbopack,yarn (Berry),Monolith
CE-N12-052,JS_V12_TURBOPACK_YARN_MICRO,12,Turbopack,yarn (Berry),Microservices
CE-N12-053,JS_V12_TURBOPACK_PNPM_MONO,12,Turbopack,pnpm,Monolith
CE-N12-054,JS_V12_TURBOPACK_PNPM_MICRO,12,Turbopack,pnpm,Microservices
CE-N12-055,JS_V12_TURBOPACK_BUN_MONO,12,Turbopack,bun,Monolith
CE-N12-056,JS_V12_TURBOPACK_BUN_MICRO,12,Turbopack,bun,Microservices
CE-N12-057,JS_V12_SWC_NPM_MONO,12,SWC,npm,Monolith
CE-N12-058,JS_V12_SWC_NPM_MICRO,12,SWC,npm,Microservices
CE-N12-059,JS_V12_SWC_YARN_MONO,12,SWC,yarn (Berry),Monolith
CE-N12-060,JS_V12_SWC_YARN_MICRO,12,SWC,yarn (Berry),Microservices
CE-N12-061,JS_V12_SWC_PNPM_MONO,12,SWC,pnpm,Monolith
CE-N12-062,JS_V12_SWC_PNPM_MICRO,12,SWC,pnpm,Microservices
CE-N12-063,JS_V12_SWC_BUN_MONO,12,SWC,bun,Monolith
CE-N12-064,JS_V12_SWC_BUN_MICRO,12,SWC,bun,Microservices
CE-N14-001,JS_V14_ESBUILD_NPM_MONO,14,esbuild,npm,Monolith
CE-N14-002,JS_V14_ESBUILD_NPM_MICRO,14,esbuild,npm,Microservices
CE-N14-003,JS_V14_ESBUILD_YARN_MONO,14,esbuild,yarn (Berry),Monolith
CE-N14-004,JS_V14_ESBUILD_YARN_MICRO,14,esbuild,yarn (Berry),Microservices
CE-N14-005,JS_V14_ESBUILD_PNPM_MONO,14,esbuild,pnpm,Monolith
CE-N14-006,JS_V14_ESBUILD_PNPM_MICRO,14,esbuild,pnpm,Microservices
CE-N14-007,JS_V14_ESBUILD_BUN_MONO,14,esbuild,bun,Monolith
CE-N14-008,JS_V14_ESBUILD_BUN_MICRO,14,esbuild,bun,Microservices
CE-N14-009,JS_V14_VITE_NPM_MONO,14,Vite (built as esbuild),npm,Monolith
CE-N14-010,JS_V14_VITE_NPM_MICRO,14,Vite (built as esbuild),npm,Microservices
CE-N14-011,JS_V14_VITE_YARN_MONO,14,Vite (built as esbuild),yarn (Berry),Monolith
CE-N14-012,JS_V14_VITE_YARN_MICRO,14,Vite (built as esbuild),yarn (Berry),Microservices
CE-N14-013,JS_V14_VITE_PNPM_MONO,14,Vite (built as esbuild),pnpm,Monolith
CE-N14-014,JS_V14_VITE_PNPM_MICRO,14,Vite (built as esbuild),pnpm,Microservices
CE-N14-015,JS_V14_VITE_BUN_MONO,14,Vite (built as esbuild),bun,Monolith
CE-N14-016,JS_V14_VITE_BUN_MICRO,14,Vite (built as esbuild),bun,Microservices
CE-N14-017,JS_V14_WEBPACK_NPM_MONO,14,Webpack,npm,Monolith
CE-N14-018,JS_V14_WEBPACK_NPM_MICRO,14,Webpack,npm,Microservices
CE-N14-019,JS_V14_WEBPACK_YARN_MONO,14,Webpack,yarn (Berry),Monolith
CE-N14-020,JS_V14_WEBPACK_YARN_MICRO,14,Webpack,yarn (Berry),Microservices
CE-N14-021,JS_V14_WEBPACK_PNPM_MONO,14,Webpack,pnpm,Monolith
CE-N14-022,JS_V14_WEBPACK_PNPM_MICRO,14,Webpack,pnpm,Microservices
CE-N14-023,JS_V14_WEBPACK_BUN_MONO,14,Webpack,bun,Monolith
CE-N14-024,JS_V14_WEBPACK_BUN_MICRO,14,Webpack,bun,Microservices
CE-N14-025,JS_V14_ROLLUP_NPM_MONO,14,Rollup,npm,Monolith
CE-N14-026,JS_V14_ROLLUP_NPM_MICRO,14,Rollup,npm,Microservices
CE-N14-027,JS_V14_ROLLUP_YARN_MONO,14,Rollup,yarn (Berry),Monolith
CE-N14-028,JS_V14_ROLLUP_YARN_MICRO,14,Rollup,yarn (Berry),Microservices
CE-N14-029,JS_V14_ROLLUP_PNPM_MONO,14,Rollup,pnpm,Monolith
CE-N14-030,JS_V14_ROLLUP_PNPM_MICRO,14,Rollup,pnpm,Microservices
CE-N14-031,JS_V14_ROLLUP_BUN_MONO,14,Rollup,bun,Monolith
CE-N14-032,JS_V14_ROLLUP_BUN_MICRO,14,Rollup,bun,Microservices
CE-N14-033,JS_V14_RSPACK_NPM_MONO,14,Rspack,npm,Monolith
CE-N14-034,JS_V14_RSPACK_NPM_MICRO,14,Rspack,npm,Microservices
CE-N14-035,JS_V14_RSPACK_YARN_MONO,14,Rspack,yarn (Berry),Monolith
CE-N14-036,JS_V14_RSPACK_YARN_MICRO,14,Rspack,yarn (Berry),Microservices
CE-N14-037,JS_V14_RSPACK_PNPM_MONO,14,Rspack,pnpm,Monolith
CE-N14-038,JS_V14_RSPACK_PNPM_MICRO,14,Rspack,pnpm,Microservices
CE-N14-039,JS_V14_RSPACK_BUN_MONO,14,Rspack,bun,Monolith
CE-N14-040,JS_V14_RSPACK_BUN_MICRO,14,Rspack,bun,Microservices
CE-N14-041,JS_V14_PARCEL_NPM_MONO,14,Parcel,npm,Monolith
CE-N14-042,JS_V14_PARCEL_NPM_MICRO,14,Parcel,npm,Microservices
CE-N14-043,JS_V14_PARCEL_YARN_MONO,14,Parcel,yarn (Berry),Monolith
CE-N14-044,JS_V14_PARCEL_YARN_MICRO,14,Parcel,yarn (Berry),Microservices
CE-N14-045,JS_V14_PARCEL_PNPM_MONO,14,Parcel,pnpm,Monolith
CE-N14-046,JS_V14_PARCEL_PNPM_MICRO,14,Parcel,pnpm,Microservices
CE-N14-047,JS_V14_PARCEL_BUN_MONO,14,Parcel,bun,Monolith
CE-N14-048,JS_V14_PARCEL_BUN_MICRO,14,Parcel,bun,Microservices
CE-N14-049,JS_V14_TURBOPACK_NPM_MONO,14,Turbopack,npm,Monolith
CE-N14-050,JS_V14_TURBOPACK_NPM_MICRO,14,Turbopack,npm,Microservices
CE-N14-051,JS_V14_TURBOPACK_YARN_MONO,14,Turbopack,yarn (Berry),Monolith
CE-N14-052,JS_V14_TURBOPACK_YARN_MICRO,14,Turbopack,yarn (Berry),Microservices
CE-N14-053,JS_V14_TURBOPACK_PNPM_MONO,14,Turbopack,pnpm,Monolith
CE-N14-054,JS_V14_TURBOPACK_PNPM_MICRO,14,Turbopack,pnpm,Microservices
CE-N14-055,JS_V14_TURBOPACK_BUN_MONO,14,Turbopack,bun,Monolith
CE-N14-056,JS_V14_TURBOPACK_BUN_MICRO,14,Turbopack,bun,Microservices
CE-N14-057,JS_V14_SWC_NPM_MONO,14,SWC,npm,Monolith
CE-N14-058,JS_V14_SWC_NPM_MICRO,14,SWC,npm,Microservices
CE-N14-059,JS_V14_SWC_YARN_MONO,14,SWC,yarn (Berry),Monolith
CE-N14-060,JS_V14_SWC_YARN_MICRO,14,SWC,yarn (Berry),Microservices
CE-N14-061,JS_V14_SWC_PNPM_MONO,14,SWC,pnpm,Monolith
CE-N14-062,JS_V14_SWC_PNPM_MICRO,14,SWC,pnpm,Microservices
CE-N14-063,JS_V14_SWC_BUN_MONO,14,SWC,bun,Monolith
CE-N14-064,JS_V14_SWC_BUN_MICRO,14,SWC,bun,Microservices
CE-N16-001,JS_V16_ESBUILD_NPM_MONO,16,esbuild,npm,Monolith
CE-N16-002,JS_V16_ESBUILD_NPM_MICRO,16,esbuild,npm,Microservices
CE-N16-003,JS_V16_ESBUILD_YARN_MONO,16,esbuild,yarn (Berry),Monolith
CE-N16-004,JS_V16_ESBUILD_YARN_MICRO,16,esbuild,yarn (Berry),Microservices
CE-N16-005,JS_V16_ESBUILD_PNPM_MONO,16,esbuild,pnpm,Monolith
CE-N16-006,JS_V16_ESBUILD_PNPM_MICRO,16,esbuild,pnpm,Microservices
CE-N16-007,JS_V16_ESBUILD_BUN_MONO,16,esbuild,bun,Monolith
CE-N16-008,JS_V16_ESBUILD_BUN_MICRO,16,esbuild,bun,Microservices
CE-N16-009,JS_V16_VITE_NPM_MONO,16,Vite (built as esbuild),npm,Monolith
CE-N16-010,JS_V16_VITE_NPM_MICRO,16,Vite (built as esbuild),npm,Microservices
CE-N16-011,JS_V16_VITE_YARN_MONO,16,Vite (built as esbuild),yarn (Berry),Monolith
CE-N16-012,JS_V16_VITE_YARN_MICRO,16,Vite (built as esbuild),yarn (Berry),Microservices
CE-N16-013,JS_V16_VITE_PNPM_MONO,16,Vite (built as esbuild),pnpm,Monolith
CE-N16-014,JS_V16_VITE_PNPM_MICRO,16,Vite (built as esbuild),pnpm,Microservices
CE-N16-015,JS_V16_VITE_BUN_MONO,16,Vite (built as esbuild),bun,Monolith
CE-N16-016,JS_V16_VITE_BUN_MICRO,16,Vite (built as esbuild),bun,Microservices
CE-N16-017,JS_V16_WEBPACK_NPM_MONO,16,Webpack,npm,Monolith
CE-N16-018,JS_V16_WEBPACK_NPM_MICRO,16,Webpack,npm,Microservices
CE-N16-019,JS_V16_WEBPACK_YARN_MONO,16,Webpack,yarn (Berry),Monolith
CE-N16-020,JS_V16_WEBPACK_YARN_MICRO,16,Webpack,yarn (Berry),Microservices
CE-N16-021,JS_V16_WEBPACK_PNPM_MONO,16,Webpack,pnpm,Monolith
CE-N16-022,JS_V16_WEBPACK_PNPM_MICRO,16,Webpack,pnpm,Microservices
CE-N16-023,JS_V16_WEBPACK_BUN_MONO,16,Webpack,bun,Monolith
CE-N16-024,JS_V16_WEBPACK_BUN_MICRO,16,Webpack,bun,Microservices
CE-N16-025,JS_V16_ROLLUP_NPM_MONO,16,Rollup,npm,Monolith
CE-N16-026,JS_V16_ROLLUP_NPM_MICRO,16,Rollup,npm,Microservices
CE-N16-027,JS_V16_ROLLUP_YARN_MONO,16,Rollup,yarn (Berry),Monolith
CE-N16-028,JS_V16_ROLLUP_YARN_MICRO,16,Rollup,yarn (Berry),Microservices
CE-N16-029,JS_V16_ROLLUP_PNPM_MONO,16,Rollup,pnpm,Monolith
CE-N16-030,JS_V16_ROLLUP_PNPM_MICRO,16,Rollup,pnpm,Microservices
CE-N16-031,JS_V16_ROLLUP_BUN_MONO,16,Rollup,bun,Monolith
CE-N16-032,JS_V16_ROLLUP_BUN_MICRO,16,Rollup,bun,Microservices
CE-N16-033,JS_V16_RSPACK_NPM_MONO,16,Rspack,npm,Monolith
CE-N16-034,JS_V16_RSPACK_NPM_MICRO,16,Rspack,npm,Microservices
CE-N16-035,JS_V16_RSPACK_YARN_MONO,16,Rspack,yarn (Berry),Monolith
CE-N16-036,JS_V16_RSPACK_YARN_MICRO,16,Rspack,yarn (Berry),Microservices
CE-N16-037,JS_V16_RSPACK_PNPM_MONO,16,Rspack,pnpm,Monolith
CE-N16-038,JS_V16_RSPACK_PNPM_MICRO,16,Rspack,pnpm,Microservices
CE-N16-039,JS_V16_RSPACK_BUN_MONO,16,Rspack,bun,Monolith
CE-N16-040,JS_V16_RSPACK_BUN_MICRO,16,Rspack,bun,Microservices
CE-N16-041,JS_V16_PARCEL_NPM_MONO,16,Parcel,npm,Monolith
CE-N16-042,JS_V16_PARCEL_NPM_MICRO,16,Parcel,npm,Microservices
CE-N16-043,JS_V16_PARCEL_YARN_MONO,16,Parcel,yarn (Berry),Monolith
CE-N16-044,JS_V16_PARCEL_YARN_MICRO,16,Parcel,yarn (Berry),Microservices
CE-N16-045,JS_V16_PARCEL_PNPM_MONO,16,Parcel,pnpm,Monolith
CE-N16-046,JS_V16_PARCEL_PNPM_MICRO,16,Parcel,pnpm,Microservices
CE-N16-047,JS_V16_PARCEL_BUN_MONO,16,Parcel,bun,Monolith
CE-N16-048,JS_V16_PARCEL_BUN_MICRO,16,Parcel,bun,Microservices
CE-N16-049,JS_V16_TURBOPACK_NPM_MONO,16,Turbopack,npm,Monolith
CE-N16-050,JS_V16_TURBOPACK_NPM_MICRO,16,Turbopack,npm,Microservices
CE-N16-051,JS_V16_TURBOPACK_YARN_MONO,16,Turbopack,yarn (Berry),Monolith
CE-N16-052,JS_V16_TURBOPACK_YARN_MICRO,16,Turbopack,yarn (Berry),Microservices
CE-N16-053,JS_V16_TURBOPACK_PNPM_MONO,16,Turbopack,pnpm,Monolith
CE-N16-054,JS_V16_TURBOPACK_PNPM_MICRO,16,Turbopack,pnpm,Microservices
CE-N16-055,JS_V16_TURBOPACK_BUN_MONO,16,Turbopack,bun,Monolith
CE-N16-056,JS_V16_TURBOPACK_BUN_MICRO,16,Turbopack,bun,Microservices
CE-N16-057,JS_V16_SWC_NPM_MONO,16,SWC,npm,Monolith
CE-N16-058,JS_V16_SWC_NPM_MICRO,16,SWC,npm,Microservices
CE-N16-059,JS_V16_SWC_YARN_MONO,16,SWC,yarn (Berry),Monolith
CE-N16-060,JS_V16_SWC_YARN_MICRO,16,SWC,yarn (Berry),Microservices
CE-N16-061,JS_V16_SWC_PNPM_MONO,16,SWC,pnpm,Monolith
CE-N16-062,JS_V16_SWC_PNPM_MICRO,16,SWC,pnpm,Microservices
CE-N16-063,JS_V16_SWC_BUN_MONO,16,SWC,bun,Monolith
CE-N16-064,JS_V16_SWC_BUN_MICRO,16,SWC,bun,Microservices
CE-N18-001,JS_V18_ESBUILD_NPM_MONO,18,esbuild,npm,Monolith
CE-N18-002,JS_V18_ESBUILD_NPM_MICRO,18,esbuild,npm,Microservices
CE-N18-003,JS_V18_ESBUILD_YARN_MONO,18,esbuild,yarn (Berry),Monolith
CE-N18-004,JS_V18_ESBUILD_YARN_MICRO,18,esbuild,yarn (Berry),Microservices
CE-N18-005,JS_V18_ESBUILD_PNPM_MONO,18,esbuild,pnpm,Monolith
CE-N18-006,JS_V18_ESBUILD_PNPM_MICRO,18,esbuild,pnpm,Microservices
CE-N18-007,JS_V18_ESBUILD_BUN_MONO,18,esbuild,bun,Monolith
CE-N18-008,JS_V18_ESBUILD_BUN_MICRO,18,esbuild,bun,Microservices
CE-N18-009,JS_V18_VITE_NPM_MONO,18,Vite (built as esbuild),npm,Monolith
CE-N18-010,JS_V18_VITE_NPM_MICRO,18,Vite (built as esbuild),npm,Microservices
CE-N18-011,JS_V18_VITE_YARN_MONO,18,Vite (built as esbuild),yarn (Berry),Monolith
CE-N18-012,JS_V18_VITE_YARN_MICRO,18,Vite (built as esbuild),yarn (Berry),Microservices
CE-N18-013,JS_V18_VITE_PNPM_MONO,18,Vite (built as esbuild),pnpm,Monolith
CE-N18-014,JS_V18_VITE_PNPM_MICRO,18,Vite (built as esbuild),pnpm,Microservices
CE-N18-015,JS_V18_VITE_BUN_MONO,18,Vite (built as esbuild),bun,Monolith
CE-N18-016,JS_V18_VITE_BUN_MICRO,18,Vite (built as esbuild),bun,Microservices
CE-N18-017,JS_V18_WEBPACK_NPM_MONO,18,Webpack,npm,Monolith
CE-N18-018,JS_V18_WEBPACK_NPM_MICRO,18,Webpack,npm,Microservices
CE-N18-019,JS_V18_WEBPACK_YARN_MONO,18,Webpack,yarn (Berry),Monolith
CE-N18-020,JS_V18_WEBPACK_YARN_MICRO,18,Webpack,yarn (Berry),Microservices
CE-N18-021,JS_V18_WEBPACK_PNPM_MONO,18,Webpack,pnpm,Monolith
CE-N18-022,JS_V18_WEBPACK_PNPM_MICRO,18,Webpack,pnpm,Microservices
CE-N18-023,JS_V18_WEBPACK_BUN_MONO,18,Webpack,bun,Monolith
CE-N18-024,JS_V18_WEBPACK_BUN_MICRO,18,Webpack,bun,Microservices
CE-N18-025,JS_V18_ROLLUP_NPM_MONO,18,Rollup,npm,Monolith
CE-N18-026,JS_V18_ROLLUP_NPM_MICRO,18,Rollup,npm,Microservices
CE-N18-027,JS_V18_ROLLUP_YARN_MONO,18,Rollup,yarn (Berry),Monolith
CE-N18-028,JS_V18_ROLLUP_YARN_MICRO,18,Rollup,yarn (Berry),Microservices
CE-N18-029,JS_V18_ROLLUP_PNPM_MONO,18,Rollup,pnpm,Monolith
CE-N18-030,JS_V18_ROLLUP_PNPM_MICRO,18,Rollup,pnpm,Microservices
CE-N18-031,JS_V18_ROLLUP_BUN_MONO,18,Rollup,bun,Monolith
CE-N18-032,JS_V18_ROLLUP_BUN_MICRO,18,Rollup,bun,Microservices
CE-N18-033,JS_V18_RSPACK_NPM_MONO,18,Rspack,npm,Monolith
CE-N18-034,JS_V18_RSPACK_NPM_MICRO,18,Rspack,npm,Microservices
CE-N18-035,JS_V18_RSPACK_YARN_MONO,18,Rspack,yarn (Berry),Monolith
CE-N18-036,JS_V18_RSPACK_YARN_MICRO,18,Rspack,yarn (Berry),Microservices
CE-N18-037,JS_V18_RSPACK_PNPM_MONO,18,Rspack,pnpm,Monolith
CE-N18-038,JS_V18_RSPACK_PNPM_MICRO,18,Rspack,pnpm,Microservices
CE-N18-039,JS_V18_RSPACK_BUN_MONO,18,Rspack,bun,Monolith
CE-N18-040,JS_V18_RSPACK_BUN_MICRO,18,Rspack,bun,Microservices
CE-N18-041,JS_V18_PARCEL_NPM_MONO,18,Parcel,npm,Monolith
CE-N18-042,JS_V18_PARCEL_NPM_MICRO,18,Parcel,npm,Microservices
CE-N18-043,JS_V18_PARCEL_YARN_MONO,18,Parcel,yarn (Berry),Monolith
CE-N18-044,JS_V18_PARCEL_YARN_MICRO,18,Parcel,yarn (Berry),Microservices
CE-N18-045,JS_V18_PARCEL_PNPM_MONO,18,Parcel,pnpm,Monolith
CE-N18-046,JS_V18_PARCEL_PNPM_MICRO,18,Parcel,pnpm,Microservices
CE-N18-047,JS_V18_PARCEL_BUN_MONO,18,Parcel,bun,Monolith
CE-N18-048,JS_V18_PARCEL_BUN_MICRO,18,Parcel,bun,Microservices
CE-N18-049,JS_V18_TURBOPACK_NPM_MONO,18,Turbopack,npm,Monolith
CE-N18-050,JS_V18_TURBOPACK_NPM_MICRO,18,Turbopack,npm,Microservices
CE-N18-051,JS_V18_TURBOPACK_YARN_MONO,18,Turbopack,yarn (Berry),Monolith
CE-N18-052,JS_V18_TURBOPACK_YARN_MICRO,18,Turbopack,yarn (Berry),Microservices
CE-N18-053,JS_V18_TURBOPACK_PNPM_MONO,18,Turbopack,pnpm,Monolith
CE-N18-054,JS_V18_TURBOPACK_PNPM_MICRO,18,Turbopack,pnpm,Microservices
CE-N18-055,JS_V18_TURBOPACK_BUN_MONO,18,Turbopack,bun,Monolith
CE-N18-056,JS_V18_TURBOPACK_BUN_MICRO,18,Turbopack,bun,Microservices
CE-N18-057,JS_V18_SWC_NPM_MONO,18,SWC,npm,Monolith
CE-N18-058,JS_V18_SWC_NPM_MICRO,18,SWC,npm,Microservices
CE-N18-059,JS_V18_SWC_YARN_MONO,18,SWC,yarn (Berry),Monolith
CE-N18-060,JS_V18_SWC_YARN_MICRO,18,SWC,yarn (Berry),Microservices
CE-N18-061,JS_V18_SWC_PNPM_MONO,18,SWC,pnpm,Monolith
CE-N18-062,JS_V18_SWC_PNPM_MICRO,18,SWC,pnpm,Microservices
CE-N18-063,JS_V18_SWC_BUN_MONO,18,SWC,bun,Monolith
CE-N18-064,JS_V18_SWC_BUN_MICRO,18,SWC,bun,Microservices
CE-N20-001,JS_V20_ESBUILD_NPM_MONO,20,esbuild,npm,Monolith
CE-N20-002,JS_V20_ESBUILD_NPM_MICRO,20,esbuild,npm,Microservices
CE-N20-003,JS_V20_ESBUILD_YARN_MONO,20,esbuild,yarn (Berry),Monolith
CE-N20-004,JS_V20_ESBUILD_YARN_MICRO,20,esbuild,yarn (Berry),Microservices
CE-N20-005,JS_V20_ESBUILD_PNPM_MONO,20,esbuild,pnpm,Monolith
CE-N20-006,JS_V20_ESBUILD_PNPM_MICRO,20,esbuild,pnpm,Microservices
CE-N20-007,JS_V20_ESBUILD_BUN_MONO,20,esbuild,bun,Monolith
CE-N20-008,JS_V20_ESBUILD_BUN_MICRO,20,esbuild,bun,Microservices
CE-N20-009,JS_V20_VITE_NPM_MONO,20,Vite (built as esbuild),npm,Monolith
CE-N20-010,JS_V20_VITE_NPM_MICRO,20,Vite (built as esbuild),npm,Microservices
CE-N20-011,JS_V20_VITE_YARN_MONO,20,Vite (built as esbuild),yarn (Berry),Monolith
CE-N20-012,JS_V20_VITE_YARN_MICRO,20,Vite (built as esbuild),yarn (Berry),Microservices
CE-N20-013,JS_V20_VITE_PNPM_MONO,20,Vite (built as esbuild),pnpm,Monolith
CE-N20-014,JS_V20_VITE_PNPM_MICRO,20,Vite (built as esbuild),pnpm,Microservices
CE-N20-015,JS_V20_VITE_BUN_MONO,20,Vite (built as esbuild),bun,Monolith
CE-N20-016,JS_V20_VITE_BUN_MICRO,20,Vite (built as esbuild),bun,Microservices
CE-N20-017,JS_V20_WEBPACK_NPM_MONO,20,Webpack,npm,Monolith
CE-N20-018,JS_V20_WEBPACK_NPM_MICRO,20,Webpack,npm,Microservices
CE-N20-019,JS_V20_WEBPACK_YARN_MONO,20,Webpack,yarn (Berry),Monolith
CE-N20-020,JS_V20_WEBPACK_YARN_MICRO,20,Webpack,yarn (Berry),Microservices
CE-N20-021,JS_V20_WEBPACK_PNPM_MONO,20,Webpack,pnpm,Monolith
CE-N20-022,JS_V20_WEBPACK_PNPM_MICRO,20,Webpack,pnpm,Microservices
CE-N20-023,JS_V20_WEBPACK_BUN_MONO,20,Webpack,bun,Monolith
CE-N20-024,JS_V20_WEBPACK_BUN_MICRO,20,Webpack,bun,Microservices
CE-N20-025,JS_V20_ROLLUP_NPM_MONO,20,Rollup,npm,Monolith
CE-N20-026,JS_V20_ROLLUP_NPM_MICRO,20,Rollup,npm,Microservices
CE-N20-027,JS_V20_ROLLUP_YARN_MONO,20,Rollup,yarn (Berry),Monolith
CE-N20-028,JS_V20_ROLLUP_YARN_MICRO,20,Rollup,yarn (Berry),Microservices
CE-N20-029,JS_V20_ROLLUP_PNPM_MONO,20,Rollup,pnpm,Monolith
CE-N20-030,JS_V20_ROLLUP_PNPM_MICRO,20,Rollup,pnpm,Microservices
CE-N20-031,JS_V20_ROLLUP_BUN_MONO,20,Rollup,bun,Monolith
CE-N20-032,JS_V20_ROLLUP_BUN_MICRO,20,Rollup,bun,Microservices
CE-N20-033,JS_V20_RSPACK_NPM_MONO,20,Rspack,npm,Monolith
CE-N20-034,JS_V20_RSPACK_NPM_MICRO,20,Rspack,npm,Microservices
CE-N20-035,JS_V20_RSPACK_YARN_MONO,20,Rspack,yarn (Berry),Monolith
CE-N20-036,JS_V20_RSPACK_YARN_MICRO,20,Rspack,yarn (Berry),Microservices
CE-N20-037,JS_V20_RSPACK_PNPM_MONO,20,Rspack,pnpm,Monolith
CE-N20-038,JS_V20_RSPACK_PNPM_MICRO,20,Rspack,pnpm,Microservices
CE-N20-039,JS_V20_RSPACK_BUN_MONO,20,Rspack,bun,Monolith
CE-N20-040,JS_V20_RSPACK_BUN_MICRO,20,Rspack,bun,Microservices
CE-N20-041,JS_V20_PARCEL_NPM_MONO,20,Parcel,npm,Monolith
CE-N20-042,JS_V20_PARCEL_NPM_MICRO,20,Parcel,npm,Microservices
CE-N20-043,JS_V20_PARCEL_YARN_MONO,20,Parcel,yarn (Berry),Monolith
CE-N20-044,JS_V20_PARCEL_YARN_MICRO,20,Parcel,yarn (Berry),Microservices
CE-N20-045,JS_V20_PARCEL_PNPM_MONO,20,Parcel,pnpm,Monolith
CE-N20-046,JS_V20_PARCEL_PNPM_MICRO,20,Parcel,pnpm,Microservices
CE-N20-047,JS_V20_PARCEL_BUN_MONO,20,Parcel,bun,Monolith
CE-N20-048,JS_V20_PARCEL_BUN_MICRO,20,Parcel,bun,Microservices
CE-N20-049,JS_V20_TURBOPACK_NPM_MONO,20,Turbopack,npm,Monolith
CE-N20-050,JS_V20_TURBOPACK_NPM_MICRO,20,Turbopack,npm,Microservices
CE-N20-051,JS_V20_TURBOPACK_YARN_MONO,20,Turbopack,yarn (Berry),Monolith
CE-N20-052,JS_V20_TURBOPACK_YARN_MICRO,20,Turbopack,yarn (Berry),Microservices
CE-N20-053,JS_V20_TURBOPACK_PNPM_MONO,20,Turbopack,pnpm,Monolith
CE-N20-054,JS_V20_TURBOPACK_PNPM_MICRO,20,Turbopack,pnpm,Microservices
CE-N20-055,JS_V20_TURBOPACK_BUN_MONO,20,Turbopack,bun,Monolith
CE-N20-056,JS_V20_TURBOPACK_BUN_MICRO,20,Turbopack,bun,Microservices
CE-N20-057,JS_V20_SWC_NPM_MONO,20,SWC,npm,Monolith
CE-N20-058,JS_V20_SWC_NPM_MICRO,20,SWC,npm,Microservices
CE-N20-059,JS_V20_SWC_YARN_MONO,20,SWC,yarn (Berry),Monolith
CE-N20-060,JS_V20_SWC_YARN_MICRO,20,SWC,yarn (Berry),Microservices
CE-N20-061,JS_V20_SWC_PNPM_MONO,20,SWC,pnpm,Monolith
CE-N20-062,JS_V20_SWC_PNPM_MICRO,20,SWC,pnpm,Microservices
CE-N20-063,JS_V20_SWC_BUN_MONO,20,SWC,bun,Monolith
CE-N20-064,JS_V20_SWC_BUN_MICRO,20,SWC,bun,Microservices
CE-N21-001,JS_V21_ESBUILD_NPM_MONO,21,esbuild,npm,Monolith
CE-N21-002,JS_V21_ESBUILD_NPM_MICRO,21,esbuild,npm,Microservices
CE-N21-003,JS_V21_ESBUILD_YARN_MONO,21,esbuild,yarn (Berry),Monolith
CE-N21-004,JS_V21_ESBUILD_YARN_MICRO,21,esbuild,yarn (Berry),Microservices
CE-N21-005,JS_V21_ESBUILD_PNPM_MONO,21,esbuild,pnpm,Monolith
CE-N21-006,JS_V21_ESBUILD_PNPM_MICRO,21,esbuild,pnpm,Microservices
CE-N21-007,JS_V21_ESBUILD_BUN_MONO,21,esbuild,bun,Monolith
CE-N21-008,JS_V21_ESBUILD_BUN_MICRO,21,esbuild,bun,Microservices
CE-N21-009,JS_V21_VITE_NPM_MONO,21,Vite (built as esbuild),npm,Monolith
CE-N21-010,JS_V21_VITE_NPM_MICRO,21,Vite (built as esbuild),npm,Microservices
CE-N21-011,JS_V21_VITE_YARN_MONO,21,Vite (built as esbuild),yarn (Berry),Monolith
CE-N21-012,JS_V21_VITE_YARN_MICRO,21,Vite (built as esbuild),yarn (Berry),Microservices
CE-N21-013,JS_V21_VITE_PNPM_MONO,21,Vite (built as esbuild),pnpm,Monolith
CE-N21-014,JS_V21_VITE_PNPM_MICRO,21,Vite (built as esbuild),pnpm,Microservices
CE-N21-015,JS_V21_VITE_BUN_MONO,21,Vite (built as esbuild),bun,Monolith
CE-N21-016,JS_V21_VITE_BUN_MICRO,21,Vite (built as esbuild),bun,Microservices
CE-N21-017,JS_V21_WEBPACK_NPM_MONO,21,Webpack,npm,Monolith
CE-N21-018,JS_V21_WEBPACK_NPM_MICRO,21,Webpack,npm,Microservices
CE-N21-019,JS_V21_WEBPACK_YARN_MONO,21,Webpack,yarn (Berry),Monolith
CE-N21-020,JS_V21_WEBPACK_YARN_MICRO,21,Webpack,yarn (Berry),Microservices
CE-N21-021,JS_V21_WEBPACK_PNPM_MONO,21,Webpack,pnpm,Monolith
CE-N21-022,JS_V21_WEBPACK_PNPM_MICRO,21,Webpack,pnpm,Microservices
CE-N21-023,JS_V21_WEBPACK_BUN_MONO,21,Webpack,bun,Monolith
CE-N21-024,JS_V21_WEBPACK_BUN_MICRO,21,Webpack,bun,Microservices
CE-N21-025,JS_V21_ROLLUP_NPM_MONO,21,Rollup,npm,Monolith
CE-N21-026,JS_V21_ROLLUP_NPM_MICRO,21,Rollup,npm,Microservices
CE-N21-027,JS_V21_ROLLUP_YARN_MONO,21,Rollup,yarn (Berry),Monolith
CE-N21-028,JS_V21_ROLLUP_YARN_MICRO,21,Rollup,yarn (Berry),Microservices
CE-N21-029,JS_V21_ROLLUP_PNPM_MONO,21,Rollup,pnpm,Monolith
CE-N21-030,JS_V21_ROLLUP_PNPM_MICRO,21,Rollup,pnpm,Microservices
CE-N21-031,JS_V21_ROLLUP_BUN_MONO,21,Rollup,bun,Monolith
CE-N21-032,JS_V21_ROLLUP_BUN_MICRO,21,Rollup,bun,Microservices
CE-N21-033,JS_V21_RSPACK_NPM_MONO,21,Rspack,npm,Monolith
CE-N21-034,JS_V21_RSPACK_NPM_MICRO,21,Rspack,npm,Microservices
CE-N21-035,JS_V21_RSPACK_YARN_MONO,21,Rspack,yarn (Berry),Monolith
CE-N21-036,JS_V21_RSPACK_YARN_MICRO,21,Rspack,yarn (Berry),Microservices
CE-N21-037,JS_V21_RSPACK_PNPM_MONO,21,Rspack,pnpm,Monolith
CE-N21-038,JS_V21_RSPACK_PNPM_MICRO,21,Rspack,pnpm,Microservices
CE-N21-039,JS_V21_RSPACK_BUN_MONO,21,Rspack,bun,Monolith
CE-N21-040,JS_V21_RSPACK_BUN_MICRO,21,Rspack,bun,Microservices
CE-N21-041,JS_V21_PARCEL_NPM_MONO,21,Parcel,npm,Monolith
CE-N21-042,JS_V21_PARCEL_NPM_MICRO,21,Parcel,npm,Microservices
CE-N21-043,JS_V21_PARCEL_YARN_MONO,21,Parcel,yarn (Berry),Monolith
CE-N21-044,JS_V21_PARCEL_YARN_MICRO,21,Parcel,yarn (Berry),Microservices
CE-N21-045,JS_V21_PARCEL_PNPM_MONO,21,Parcel,pnpm,Monolith
CE-N21-046,JS_V21_PARCEL_PNPM_MICRO,21,Parcel,pnpm,Microservices
CE-N21-047,JS_V21_PARCEL_BUN_MONO,21,Parcel,bun,Monolith
CE-N21-048,JS_V21_PARCEL_BUN_MICRO,21,Parcel,bun,Microservices
CE-N21-049,JS_V21_TURBOPACK_NPM_MONO,21,Turbopack,npm,Monolith
CE-N21-050,JS_V21_TURBOPACK_NPM_MICRO,21,Turbopack,npm,Microservices
CE-N21-051,JS_V21_TURBOPACK_YARN_MONO,21,Turbopack,yarn (Berry),Monolith
CE-N21-052,JS_V21_TURBOPACK_YARN_MICRO,21,Turbopack,yarn (Berry),Microservices
CE-N21-053,JS_V21_TURBOPACK_PNPM_MONO,21,Turbopack,pnpm,Monolith
CE-N21-054,JS_V21_TURBOPACK_PNPM_MICRO,21,Turbopack,pnpm,Microservices
CE-N21-055,JS_V21_TURBOPACK_BUN_MONO,21,Turbopack,bun,Monolith
CE-N21-056,JS_V21_TURBOPACK_BUN_MICRO,21,Turbopack,bun,Microservices
CE-N21-057,JS_V21_SWC_NPM_MONO,21,SWC,npm,Monolith
CE-N21-058,JS_V21_SWC_NPM_MICRO,21,SWC,npm,Microservices
CE-N21-059,JS_V21_SWC_YARN_MONO,21,SWC,yarn (Berry),Monolith
CE-N21-060,JS_V21_SWC_YARN_MICRO,21,SWC,yarn (Berry),Microservices
CE-N21-061,JS_V21_SWC_PNPM_MONO,21,SWC,pnpm,Monolith
CE-N21-062,JS_V21_SWC_PNPM_MICRO,21,SWC,pnpm,Microservices
CE-N21-063,JS_V21_SWC_BUN_MONO,21,SWC,bun,Monolith
CE-N21-064,JS_V21_SWC_BUN_MICRO,21,SWC,bun,Microservices
CE-N22-001,JS_V22_ESBUILD_NPM_MONO,22,esbuild,npm,Monolith
CE-N22-002,JS_V22_ESBUILD_NPM_MICRO,22,esbuild,npm,Microservices
CE-N22-003,JS_V22_ESBUILD_YARN_MONO,22,esbuild,yarn (Berry),Monolith
CE-N22-004,JS_V22_ESBUILD_YARN_MICRO,22,esbuild,yarn (Berry),Microservices
CE-N22-005,JS_V22_ESBUILD_PNPM_MONO,22,esbuild,pnpm,Monolith
CE-N22-006,JS_V22_ESBUILD_PNPM_MICRO,22,esbuild,pnpm,Microservices
CE-N22-007,JS_V22_ESBUILD_BUN_MONO,22,esbuild,bun,Monolith
CE-N22-008,JS_V22_ESBUILD_BUN_MICRO,22,esbuild,bun,Microservices
CE-N22-009,JS_V22_VITE_NPM_MONO,22,Vite (built as esbuild),npm,Monolith
CE-N22-010,JS_V22_VITE_NPM_MICRO,22,Vite (built as esbuild),npm,Microservices
CE-N22-011,JS_V22_VITE_YARN_MONO,22,Vite (built as esbuild),yarn (Berry),Monolith
CE-N22-012,JS_V22_VITE_YARN_MICRO,22,Vite (built as esbuild),yarn (Berry),Microservices
CE-N22-013,JS_V22_VITE_PNPM_MONO,22,Vite (built as esbuild),pnpm,Monolith
CE-N22-014,JS_V22_VITE_PNPM_MICRO,22,Vite (built as esbuild),pnpm,Microservices
CE-N22-015,JS_V22_VITE_BUN_MONO,22,Vite (built as esbuild),bun,Monolith
CE-N22-016,JS_V22_VITE_BUN_MICRO,22,Vite (built as esbuild),bun,Microservices
CE-N22-017,JS_V22_WEBPACK_NPM_MONO,22,Webpack,npm,Monolith
CE-N22-018,JS_V22_WEBPACK_NPM_MICRO,22,Webpack,npm,Microservices
CE-N22-019,JS_V22_WEBPACK_YARN_MONO,22,Webpack,yarn (Berry),Monolith
CE-N22-020,JS_V22_WEBPACK_YARN_MICRO,22,Webpack,yarn (Berry),Microservices
CE-N22-021,JS_V22_WEBPACK_PNPM_MONO,22,Webpack,pnpm,Monolith
CE-N22-022,JS_V22_WEBPACK_PNPM_MICRO,22,Webpack,pnpm,Microservices
CE-N22-023,JS_V22_WEBPACK_BUN_MONO,22,Webpack,bun,Monolith
CE-N22-024,JS_V22_WEBPACK_BUN_MICRO,22,Webpack,bun,Microservices
CE-N22-025,JS_V22_ROLLUP_NPM_MONO,22,Rollup,npm,Monolith
CE-N22-026,JS_V22_ROLLUP_NPM_MICRO,22,Rollup,npm,Microservices
CE-N22-027,JS_V22_ROLLUP_YARN_MONO,22,Rollup,yarn (Berry),Monolith
CE-N22-028,JS_V22_ROLLUP_YARN_MICRO,22,Rollup,yarn (Berry),Microservices
CE-N22-029,JS_V22_ROLLUP_PNPM_MONO,22,Rollup,pnpm,Monolith
CE-N22-030,JS_V22_ROLLUP_PNPM_MICRO,22,Rollup,pnpm,Microservices
CE-N22-031,JS_V22_ROLLUP_BUN_MONO,22,Rollup,bun,Monolith
CE-N22-032,JS_V22_ROLLUP_BUN_MICRO,22,Rollup,bun,Microservices
CE-N22-033,JS_V22_RSPACK_NPM_MONO,22,Rspack,npm,Monolith
CE-N22-034,JS_V22_RSPACK_NPM_MICRO,22,Rspack,npm,Microservices
CE-N22-035,JS_V22_RSPACK_YARN_MONO,22,Rspack,yarn (Berry),Monolith
CE-N22-036,JS_V22_RSPACK_YARN_MICRO,22,Rspack,yarn (Berry),Microservices
CE-N22-037,JS_V22_RSPACK_PNPM_MONO,22,Rspack,pnpm,Monolith
CE-N22-038,JS_V22_RSPACK_PNPM_MICRO,22,Rspack,pnpm,Microservices
CE-N22-039,JS_V22_RSPACK_BUN_MONO,22,Rspack,bun,Monolith
CE-N22-040,JS_V22_RSPACK_BUN_MICRO,22,Rspack,bun,Microservices
CE-N22-041,JS_V22_PARCEL_NPM_MONO,22,Parcel,npm,Monolith
CE-N22-042,JS_V22_PARCEL_NPM_MICRO,22,Parcel,npm,Microservices
CE-N22-043,JS_V22_PARCEL_YARN_MONO,22,Parcel,yarn (Berry),Monolith
CE-N22-044,JS_V22_PARCEL_YARN_MICRO,22,Parcel,yarn (Berry),Microservices
CE-N22-045,JS_V22_PARCEL_PNPM_MONO,22,Parcel,pnpm,Monolith
CE-N22-046,JS_V22_PARCEL_PNPM_MICRO,22,Parcel,pnpm,Microservices
CE-N22-047,JS_V22_PARCEL_BUN_MONO,22,Parcel,bun,Monolith
CE-N22-048,JS_V22_PARCEL_BUN_MICRO,22,Parcel,bun,Microservices
CE-N22-049,JS_V22_TURBOPACK_NPM_MONO,22,Turbopack,npm,Monolith
CE-N22-050,JS_V22_TURBOPACK_NPM_MICRO,22,Turbopack,npm,Microservices
CE-N22-051,JS_V22_TURBOPACK_YARN_MONO,22,Turbopack,yarn (Berry),Monolith
CE-N22-052,JS_V22_TURBOPACK_YARN_MICRO,22,Turbopack,yarn (Berry),Microservices
CE-N22-053,JS_V22_TURBOPACK_PNPM_MONO,22,Turbopack,pnpm,Monolith
CE-N22-054,JS_V22_TURBOPACK_PNPM_MICRO,22,Turbopack,pnpm,Microservices
CE-N22-055,JS_V22_TURBOPACK_BUN_MONO,22,Turbopack,bun,Monolith
CE-N22-056,JS_V22_TURBOPACK_BUN_MICRO,22,Turbopack,bun,Microservices
CE-N22-057,JS_V22_SWC_NPM_MONO,22,SWC,npm,Monolith
CE-N22-058,JS_V22_SWC_NPM_MICRO,22,SWC,npm,Microservices
CE-N22-059,JS_V22_SWC_YARN_MONO,22,SWC,yarn (Berry),Monolith
CE-N22-060,JS_V22_SWC_YARN_MICRO,22,SWC,yarn (Berry),Microservices
CE-N22-061,JS_V22_SWC_PNPM_MONO,22,SWC,pnpm,Monolith
CE-N22-062,JS_V22_SWC_PNPM_MICRO,22,SWC,pnpm,Microservices
CE-N22-063,JS_V22_SWC_BUN_MONO,22,SWC,bun,Monolith
CE-N22-064,JS_V22_SWC_BUN_MICRO,22,SWC,bun,Microservices
CE-N24-001,JS_V24_ESBUILD_NPM_MONO,24,esbuild,npm,Monolith
CE-N24-002,JS_V24_ESBUILD_NPM_MICRO,24,esbuild,npm,Microservices
CE-N24-003,JS_V24_ESBUILD_YARN_MONO,24,esbuild,yarn (Berry),Monolith
CE-N24-004,JS_V24_ESBUILD_YARN_MICRO,24,esbuild,yarn (Berry),Microservices
CE-N24-005,JS_V24_ESBUILD_PNPM_MONO,24,esbuild,pnpm,Monolith
CE-N24-006,JS_V24_ESBUILD_PNPM_MICRO,24,esbuild,pnpm,Microservices
CE-N24-007,JS_V24_ESBUILD_BUN_MONO,24,esbuild,bun,Monolith
CE-N24-008,JS_V24_ESBUILD_BUN_MICRO,24,esbuild,bun,Microservices
CE-N24-009,JS_V24_VITE_NPM_MONO,24,Vite (built as esbuild),npm,Monolith
CE-N24-010,JS_V24_VITE_NPM_MICRO,24,Vite (built as esbuild),npm,Microservices
CE-N24-011,JS_V24_VITE_YARN_MONO,24,Vite (built as esbuild),yarn (Berry),Monolith
CE-N24-012,JS_V24_VITE_YARN_MICRO,24,Vite (built as esbuild),yarn (Berry),Microservices
CE-N24-013,JS_V24_VITE_PNPM_MONO,24,Vite (built as esbuild),pnpm,Monolith
CE-N24-014,JS_V24_VITE_PNPM_MICRO,24,Vite (built as esbuild),pnpm,Microservices
CE-N24-015,JS_V24_VITE_BUN_MONO,24,Vite (built as esbuild),bun,Monolith
CE-N24-016,JS_V24_VITE_BUN_MICRO,24,Vite (built as esbuild),bun,Microservices
CE-N24-017,JS_V24_WEBPACK_NPM_MONO,24,Webpack,npm,Monolith
CE-N24-018,JS_V24_WEBPACK_NPM_MICRO,24,Webpack,npm,Microservices
CE-N24-019,JS_V24_WEBPACK_YARN_MONO,24,Webpack,yarn (Berry),Monolith
CE-N24-020,JS_V24_WEBPACK_YARN_MICRO,24,Webpack,yarn (Berry),Microservices
CE-N24-021,JS_V24_WEBPACK_PNPM_MONO,24,Webpack,pnpm,Monolith
CE-N24-022,JS_V24_WEBPACK_PNPM_MICRO,24,Webpack,pnpm,Microservices
CE-N24-023,JS_V24_WEBPACK_BUN_MONO,24,Webpack,bun,Monolith
CE-N24-024,JS_V24_WEBPACK_BUN_MICRO,24,Webpack,bun,Microservices
CE-N24-025,JS_V24_ROLLUP_NPM_MONO,24,Rollup,npm,Monolith
CE-N24-026,JS_V24_ROLLUP_NPM_MICRO,24,Rollup,npm,Microservices
CE-N24-027,JS_V24_ROLLUP_YARN_MONO,24,Rollup,yarn (Berry),Monolith
CE-N24-028,JS_V24_ROLLUP_YARN_MICRO,24,Rollup,yarn (Berry),Microservices
CE-N24-029,JS_V24_ROLLUP_PNPM_MONO,24,Rollup,pnpm,Monolith
CE-N24-030,JS_V24_ROLLUP_PNPM_MICRO,24,Rollup,pnpm,Microservices
CE-N24-031,JS_V24_ROLLUP_BUN_MONO,24,Rollup,bun,Monolith
CE-N24-032,JS_V24_ROLLUP_BUN_MICRO,24,Rollup,bun,Microservices
CE-N24-033,JS_V24_RSPACK_NPM_MONO,24,Rspack,npm,Monolith
CE-N24-034,JS_V24_RSPACK_NPM_MICRO,24,Rspack,npm,Microservices
CE-N24-035,JS_V24_RSPACK_YARN_MONO,24,Rspack,yarn (Berry),Monolith
CE-N24-036,JS_V24_RSPACK_YARN_MICRO,24,Rspack,yarn (Berry),Microservices
CE-N24-037,JS_V24_RSPACK_PNPM_MONO,24,Rspack,pnpm,Monolith
CE-N24-038,JS_V24_RSPACK_PNPM_MICRO,24,Rspack,pnpm,Microservices
CE-N24-039,JS_V24_RSPACK_BUN_MONO,24,Rspack,bun,Monolith
CE-N24-040,JS_V24_RSPACK_BUN_MICRO,24,Rspack,bun,Microservices
CE-N24-041,JS_V24_PARCEL_NPM_MONO,24,Parcel,npm,Monolith
CE-N24-042,JS_V24_PARCEL_NPM_MICRO,24,Parcel,npm,Microservices
CE-N24-043,JS_V24_PARCEL_YARN_MONO,24,Parcel,yarn (Berry),Monolith
CE-N24-044,JS_V24_PARCEL_YARN_MICRO,24,Parcel,yarn (Berry),Microservices
CE-N24-045,JS_V24_PARCEL_PNPM_MONO,24,Parcel,pnpm,Monolith
CE-N24-046,JS_V24_PARCEL_PNPM_MICRO,24,Parcel,pnpm,Microservices
CE-N24-047,JS_V24_PARCEL_BUN_MONO,24,Parcel,bun,Monolith
CE-N24-048,JS_V24_PARCEL_BUN_MICRO,24,Parcel,bun,Microservices
CE-N24-049,JS_V24_TURBOPACK_NPM_MONO,24,Turbopack,npm,Monolith
CE-N24-050,JS_V24_TURBOPACK_NPM_MICRO,24,Turbopack,npm,Microservices
CE-N24-051,JS_V24_TURBOPACK_YARN_MONO,24,Turbopack,yarn (Berry),Monolith
CE-N24-052,JS_V24_TURBOPACK_YARN_MICRO,24,Turbopack,yarn (Berry),Microservices
CE-N24-053,JS_V24_TURBOPACK_PNPM_MONO,24,Turbopack,pnpm,Monolith
CE-N24-054,JS_V24_TURBOPACK_PNPM_MICRO,24,Turbopack,pnpm,Microservices
CE-N24-055,JS_V24_TURBOPACK_BUN_MONO,24,Turbopack,bun,Monolith
CE-N24-056,JS_V24_TURBOPACK_BUN_MICRO,24,Turbopack,bun,Microservices
CE-N24-057,JS_V24_SWC_NPM_MONO,24,SWC,npm,Monolith
CE-N24-058,JS_V24_SWC_NPM_MICRO,24,SWC,npm,Microservices
CE-N24-059,JS_V24_SWC_YARN_MONO,24,SWC,yarn (Berry),Monolith
CE-N24-060,JS_V24_SWC_YARN_MICRO,24,SWC,yarn (Berry),Microservices
CE-N24-061,JS_V24_SWC_PNPM_MONO,24,SWC,pnpm,Monolith
CE-N24-062,JS_V24_SWC_PNPM_MICRO,24,SWC,pnpm,Microservices
CE-N24-063,JS_V24_SWC_BUN_MONO,24,SWC,bun,Monolith
CE-N24-064,JS_V24_SWC_BUN_MICRO,24,SWC,bun,Microservices
CE-N26-001,JS_V26_ESBUILD_NPM_MONO,26,esbuild,npm,Monolith
CE-N26-002,JS_V26_ESBUILD_NPM_MICRO,26,esbuild,npm,Microservices
CE-N26-003,JS_V26_ESBUILD_YARN_MONO,26,esbuild,yarn (Berry),Monolith
CE-N26-004,JS_V26_ESBUILD_YARN_MICRO,26,esbuild,yarn (Berry),Microservices
CE-N26-005,JS_V26_ESBUILD_PNPM_MONO,26,esbuild,pnpm,Monolith
CE-N26-006,JS_V26_ESBUILD_PNPM_MICRO,26,esbuild,pnpm,Microservices
CE-N26-007,JS_V26_ESBUILD_BUN_MONO,26,esbuild,bun,Monolith
CE-N26-008,JS_V26_ESBUILD_BUN_MICRO,26,esbuild,bun,Microservices
CE-N26-009,JS_V26_VITE_NPM_MONO,26,Vite (built as esbuild),npm,Monolith
CE-N26-010,JS_V26_VITE_NPM_MICRO,26,Vite (built as esbuild),npm,Microservices
CE-N26-011,JS_V26_VITE_YARN_MONO,26,Vite (built as esbuild),yarn (Berry),Monolith
CE-N26-012,JS_V26_VITE_YARN_MICRO,26,Vite (built as esbuild),yarn (Berry),Microservices
CE-N26-013,JS_V26_VITE_PNPM_MONO,26,Vite (built as esbuild),pnpm,Monolith
CE-N26-014,JS_V26_VITE_PNPM_MICRO,26,Vite (built as esbuild),pnpm,Microservices
CE-N26-015,JS_V26_VITE_BUN_MONO,26,Vite (built as esbuild),bun,Monolith
CE-N26-016,JS_V26_VITE_BUN_MICRO,26,Vite (built as esbuild),bun,Microservices
CE-N26-017,JS_V26_WEBPACK_NPM_MONO,26,Webpack,npm,Monolith
CE-N26-018,JS_V26_WEBPACK_NPM_MICRO,26,Webpack,npm,Microservices
CE-N26-019,JS_V26_WEBPACK_YARN_MONO,26,Webpack,yarn (Berry),Monolith
CE-N26-020,JS_V26_WEBPACK_YARN_MICRO,26,Webpack,yarn (Berry),Microservices
CE-N26-021,JS_V26_WEBPACK_PNPM_MONO,26,Webpack,pnpm,Monolith
CE-N26-022,JS_V26_WEBPACK_PNPM_MICRO,26,Webpack,pnpm,Microservices
CE-N26-023,JS_V26_WEBPACK_BUN_MONO,26,Webpack,bun,Monolith
CE-N26-024,JS_V26_WEBPACK_BUN_MICRO,26,Webpack,bun,Microservices
CE-N26-025,JS_V26_ROLLUP_NPM_MONO,26,Rollup,npm,Monolith
CE-N26-026,JS_V26_ROLLUP_NPM_MICRO,26,Rollup,npm,Microservices
CE-N26-027,JS_V26_ROLLUP_YARN_MONO,26,Rollup,yarn (Berry),Monolith
CE-N26-028,JS_V26_ROLLUP_YARN_MICRO,26,Rollup,yarn (Berry),Microservices
CE-N26-029,JS_V26_ROLLUP_PNPM_MONO,26,Rollup,pnpm,Monolith
CE-N26-030,JS_V26_ROLLUP_PNPM_MICRO,26,Rollup,pnpm,Microservices
CE-N26-031,JS_V26_ROLLUP_BUN_MONO,26,Rollup,bun,Monolith
CE-N26-032,JS_V26_ROLLUP_BUN_MICRO,26,Rollup,bun,Microservices
CE-N26-033,JS_V26_RSPACK_NPM_MONO,26,Rspack,npm,Monolith
CE-N26-034,JS_V26_RSPACK_NPM_MICRO,26,Rspack,npm,Microservices
CE-N26-035,JS_V26_RSPACK_YARN_MONO,26,Rspack,yarn (Berry),Monolith
CE-N26-036,JS_V26_RSPACK_YARN_MICRO,26,Rspack,yarn (Berry),Microservices
CE-N26-037,JS_V26_RSPACK_PNPM_MONO,26,Rspack,pnpm,Monolith
CE-N26-038,JS_V26_RSPACK_PNPM_MICRO,26,Rspack,pnpm,Microservices
CE-N26-039,JS_V26_RSPACK_BUN_MONO,26,Rspack,bun,Monolith
CE-N26-040,JS_V26_RSPACK_BUN_MICRO,26,Rspack,bun,Microservices
CE-N26-041,JS_V26_PARCEL_NPM_MONO,26,Parcel,npm,Monolith
CE-N26-042,JS_V26_PARCEL_NPM_MICRO,26,Parcel,npm,Microservices
CE-N26-043,JS_V26_PARCEL_YARN_MONO,26,Parcel,yarn (Berry),Monolith
CE-N26-044,JS_V26_PARCEL_YARN_MICRO,26,Parcel,yarn (Berry),Microservices
CE-N26-045,JS_V26_PARCEL_PNPM_MONO,26,Parcel,pnpm,Monolith
CE-N26-046,JS_V26_PARCEL_PNPM_MICRO,26,Parcel,pnpm,Microservices
CE-N26-047,JS_V26_PARCEL_BUN_MONO,26,Parcel,bun,Monolith
CE-N26-048,JS_V26_PARCEL_BUN_MICRO,26,Parcel,bun,Microservices
CE-N26-049,JS_V26_TURBOPACK_NPM_MONO,26,Turbopack,npm,Monolith
CE-N26-050,JS_V26_TURBOPACK_NPM_MICRO,26,Turbopack,npm,Microservices
CE-N26-051,JS_V26_TURBOPACK_YARN_MONO,26,Turbopack,yarn (Berry),Monolith
CE-N26-052,JS_V26_TURBOPACK_YARN_MICRO,26,Turbopack,yarn (Berry),Microservices
CE-N26-053,JS_V26_TURBOPACK_PNPM_MONO,26,Turbopack,pnpm,Monolith
CE-N26-054,JS_V26_TURBOPACK_PNPM_MICRO,26,Turbopack,pnpm,Microservices
CE-N26-055,JS_V26_TURBOPACK_BUN_MONO,26,Turbopack,bun,Monolith
CE-N26-056,JS_V26_TURBOPACK_BUN_MICRO,26,Turbopack,bun,Microservices
CE-N26-057,JS_V26_SWC_NPM_MONO,26,SWC,npm,Monolith
CE-N26-058,JS_V26_SWC_NPM_MICRO,26,SWC,npm,Microservices
CE-N26-059,JS_V26_SWC_YARN_MONO,26,SWC,yarn (Berry),Monolith
CE-N26-060,JS_V26_SWC_YARN_MICRO,26,SWC,yarn (Berry),Microservices
CE-N26-061,JS_V26_SWC_PNPM_MONO,26,SWC,pnpm,Monolith
CE-N26-062,JS_V26_SWC_PNPM_MICRO,26,SWC,pnpm,Microservices
CE-N26-063,JS_V26_SWC_BUN_MONO,26,SWC,bun,Monolith
CE-N26-064,JS_V26_SWC_BUN_MICRO,26,SWC,bun,Microservices
